行业名称,相对强弱,动量,1日涨幅,3日涨幅,5日涨幅,10日涨幅,上涨占比,涨停数,成交额,成分数,成交额变化,阶段,方向,活跃分
电池化学品,11.771211115527711,5.5278864055729775,0.3823076923076923,7.242798946198459,13.686978274515415,14.275159103441126,0.5384615384615384,1,38857344318.159996,13,0.40446521217120446,领涨,右上加速,93.3
有色金属,7.692346981032775,2.0163024519510544,2.8271428571428574,6.385538167762106,11.936377630772554,10.081349357658208,0.6190476190476191,5,41573317853.119995,21,0.3529153264344236,领涨,右上加速,90.3
纺织服饰,3.1708973690124225,2.55990856808498,1.9085416666666666,3.5318520981402868,6.44266151569135,6.285520388109722,0.7708333333333334,2,8300341642.17,48,0.34631210559931835,领涨,右上加速,90.2
纺织服装设备,3.98818419278358,2.701774611688837,0.355,3.4048102679203662,7.878602341517293,5.347064848619021,0.625,1,2472796599.03,8,0.22015680071522592,领涨,右上加速,88.7
工程机械,8.79831589999572,4.680743932845749,2.686,7.057690345126377,10.488847011488446,13.516948475430834,0.6,1,1796815370.0,5,-0.0621874411227028,领涨,右上加速,88.5
房地产,2.3246232264933018,1.876527988581062,2.1596825396825396,4.447347752151587,5.0425445235117605,4.765723938943323,0.7777777777777778,4,17280430628.47,63,0.3622430021757961,领涨,右上加速,86.7
预加工食品,3.1595450410752144,3.9963268904319507,0.33799999999999997,1.5386035700959866,4.8739067413456905,5.5214874175324224,0.4,1,2617168613.12,10,0.7804393445846514,领涨,右上加速,85.2
农用机械,3.618777818460169,4.510207410157384,-0.08000000000000002,3.7048129753999737,7.520719977182888,5.551345982827227,0.5,0,335126888.93,4,0.5206668118205475,领涨,右上加速,84.9
电子化学品Ⅱ,11.657812797214556,2.8362570282170463,1.082857142857143,0.8574201538291693,6.088029736288303,15.411357064987463,0.5714285714285714,0,11069470908.630001,7,0.2693786359356769,领涨,左下退潮,84.7
电商服务,4.149381167874438,2.7664779899138963,-0.625,0.38889803281250135,5.293578973652591,5.564526157164029,0.5,0,1394110833.5700002,4,0.7180319360417684,领涨,左上修复,83.2
石油石化,2.045871829105909,2.683721930517214,1.2976470588235294,5.34648252186638,4.807810033216997,5.251608679550457,0.5294117647058824,1,11269692913.59,17,0.14775609364033415,领涨,右上加速,83.1
电子,4.967481063394619,0.7526520551372421,2.1093333333333333,1.2295904335854368,4.393454657505336,6.285735684217486,0.9,1,78797294552.14,30,0.3069539313695746,领涨,左上修复,82.8
其他家电Ⅱ,0.798139364580767,4.581344003042865,0.42500000000000004,-2.5550594029374873,3.3014127093269563,0.8378599763791295,1.0,0,273550439.75,2,0.4165895821091503,领涨,左上修复,81.4
煤炭,6.172207905868876,6.969677826086219,0.1706666666666667,5.270453429399691,5.148292355110984,9.478681197272042,0.4666666666666667,0,8536122206.35,15,-0.00782997216023007,领涨,右上加速,81.3
焦煤,4.786393762721801,8.514424812149457,-0.15500000000000003,2.653060788938011,3.8124343121821003,7.89029041692344,0.4,0,3517338379.49,10,0.3074031987418795,领涨,右下降温,81.1
水泥,0.48668282867415275,2.8432285856484785,1.5533333333333335,3.567001832783556,4.510373297087411,3.1014559562617006,0.7777777777777778,0,1002971704.76,9,0.4416743538827501,领涨,右上加速,81.0
综合包装,1.445968178593134,2.1100120373324946,-0.16999999999999993,1.7305845042999923,4.463445297390778,2.281300533340569,0.75,0,361304126.0,4,0.368790306030675,领涨,右上加速,80.1
啤酒,2.487616858276816,3.385424299068232,0.01571428571428576,1.823326212754517,2.8080081070473772,4.6251470954692175,0.7142857142857143,0,1702968783.84,7,0.22683382648061734,领涨,右上加速,80.1
食品饮料,0.9014753723488181,1.233168633330475,1.6386666666666665,3.498996940847232,3.477062315626367,3.229667525592639,0.6666666666666666,1,11454130727.72,30,1.0424546621894426,领涨,右上加速,79.2
综合,1.056546388628532,2.7175285188045883,-0.598235294117647,3.052342227552951,3.4917149280064397,2.3542568030258337,0.4117647058823529,1,8999887627.3,17,0.45889199084438825,领涨,右上加速,79.0
其他饰品,4.7471542820104835,7.264908058159512,-2.505,3.9688488532250155,9.617299664377676,4.078157465243404,0.0,0,575112027.0,2,4.708229665483129,领涨,右上加速,78.8
白色家电,3.42842395923156,3.1684251541184647,0.2733333333333334,5.225745026133333,5.58023302350219,5.527871665034789,0.3333333333333333,0,6339341296.17,3,0.38117079912999885,领涨,右上加速,78.7
化学原料,1.5526644469520197,3.8203589699026725,-0.31,2.3145616593235996,3.2603272435169917,3.7445092679577296,0.3870967741935484,1,16038919892.63,31,0.13578753639496188,领涨,右上加速,77.9
调味发酵品Ⅱ,3.558813865963676,3.293839379958275,-1.2330769230769232,3.1398886160532324,4.320441134411523,5.0533098795833675,0.3076923076923077,0,9170791146.74,13,0.6787617111391959,领涨,右上加速,77.6
家居用品,-0.004080138247849104,1.4000976377314445,1.4183333333333332,1.77700941100003,4.333087706744565,0.2739691546353562,0.625,1,3227660123.2400002,24,0.31350769215998997,修复,右上加速,76.9
建筑材料,2.3505107470018625,1.3214865974988308,0.16391304347826088,2.9252135807017465,4.015924793608061,2.8048532723730313,0.43478260869565216,1,6216449016.88,23,0.3332233280557546,领涨,右上加速,76.9
工程机械整机,1.849901416411141,2.30092171178962,-0.25588235294117645,2.4069615958719925,4.156532657992895,1.8455015398914476,0.29411764705882354,1,9390135409.76,17,0.3141507375763595,领涨,右上加速,76.8
商贸零售,1.038259693760361,1.5914440152567326,1.355263157894737,2.306981318671819,3.317912691923919,2.3443211905717964,0.631578947368421,3,7459940564.3,38,0.006685803274187219,领涨,右上加速,76.7
非白酒,1.5855813842258055,2.8390483850771315,0.4911111111111111,2.5946102678138683,3.19281305067185,2.4308634353666925,0.4444444444444444,0,1506402947.56,9,1.1081050624534772,领涨,右上加速,76.1
航海装备Ⅲ,7.634323849997834,1.9055562240300734,0.764,5.1146980299008105,1.5822906420963179,12.000259337969332,0.6,0,13820150184.0,5,0.44848123392893324,领涨,右下降温,76.1
元件,8.545956449197783,1.7674977233930573,-0.5411111111111111,-0.09138178745790038,3.399883407735649,9.406409753531042,0.4444444444444444,0,10009526618.93,9,0.13812475682987202,领涨,左下退潮,74.7
烘焙食品,0.4695185838028156,2.099059641613643,0.28375000000000006,1.740396826212498,2.970695817808644,2.171262043050337,0.625,0,1365816077.72,8,1.5548651878836357,领涨,右上加速,74.6
汽车综合服务,2.2439787875667916,2.159645754637591,0.205,1.444067892650014,3.0591540789756566,2.030708593152064,0.5,0,185711023.0,2,0.228666049541991,领涨,右上加速,74.4
钾肥,1.8394536200114031,4.547339727979103,-1.7725,1.6140882896562347,6.500560930866484,2.0531429177055083,0.0,0,12355079785.039999,4,0.8520342499845983,领涨,右上加速,74.3
轨交设备Ⅱ,1.1013144586544232,2.1161239724364953,-0.16076923076923075,-0.9522121579279008,2.0428943440505165,3.297811722237265,0.6153846153846154,0,5677952788.41,13,0.8005682495647162,领涨,左下退潮,74.1
建筑装饰,1.4902105283034188,0.030571796621784886,1.3738095238095238,3.9618079721061683,2.948282421011972,3.003606581803475,0.6428571428571429,4,13350669803.24,42,0.24871436687327408,领涨,右上加速,74.0
其他石化,3.1794133637239814,2.592359568378695,-0.7054545454545454,2.824750166783452,4.061080886156776,4.889184852893669,0.2727272727272727,0,2949120176.14,11,0.23063018876899344,领涨,右上加速,73.2
商业地产,-0.11230656760821504,0.3906478403248193,1.05,3.8233778799999785,3.467898262357183,1.2231180031038624,0.6,1,1891886602.5700002,10,0.5386027145496206,修复,右上加速,71.7
固废治理,1.713653725107056,3.4949308997135478,-0.7482352941176471,2.006232031267241,2.790529881758519,2.351166558833784,0.29411764705882354,0,6146785911.38,17,0.30417350342283833,领涨,右上加速,71.1
汽车服务,-0.4348889383931076,1.9403556544576153,0.505,1.7655909978499862,3.205258319119997,0.6009267923078321,0.75,0,202788689.0,4,0.1424226418371075,修复,右上加速,70.9
其他化学制品,2.467332532912699,1.3747122991456748,0.009090909090909085,1.2286544360092577,2.3164776721716684,3.317122999247646,0.42424242424242425,3,7234529838.18,33,-0.049782708101452244,领涨,右上加速,70.6
公用事业,2.564136533953406,5.005329530014392,-1.2857692307692308,1.3754996891432558,2.0297691980621924,4.806423781759417,0.19230769230769232,0,8675611321.42,26,0.32980653908602386,领涨,右上加速,70.1
氮肥,3.1843852380588253,7.7532882121471,-2.441666666666667,2.9344371845717587,3.9741863980713,5.9094868572679315,0.0,0,3183066830.21,6,-0.0781312470545783,领涨,右上加速,69.3
多业态零售,0.4776171674727732,2.0749664282007654,-0.14,1.3187937302952424,3.2364676971625705,0.44252203580787963,0.4666666666666667,0,1498988256.07,15,0.056387500214027275,领涨,右上加速,68.3
零食,1.8267233770968765,0.6106673185753334,0.2844444444444444,3.646569152845003,3.414299776139762,4.220287799865607,0.4444444444444444,0,2075990747.28,9,0.21949728975691452,领涨,右上加速,66.8
医药商业,1.0455606374805508,3.257829345247764,-0.040000000000000036,2.2678040089999962,1.7283205483990427,3.4638117350488606,0.3333333333333333,0,715212145.2,6,0.08390795390241634,领涨,右上加速,66.2
房地产服务,0.5922774911345963,0.43943089703623905,1.13,1.2733361185777836,2.9009324092671873,2.341772484441651,0.6666666666666666,0,1079960523.65,9,0.10195036664861545,领涨,右上加速,65.9
油气开采Ⅱ,0.13080593284840955,4.701291566759707,-1.256,2.7420533205440245,1.1206304280023005,1.9874352717118349,0.6,0,3099388720.08,5,-0.23885241728145612,领涨,右上加速,65.5
小金属,1.0860919682741423,-7.856211792291322,1.755,10.613364200937504,5.203383138852735,4.466005135267426,0.625,1,40523339769.26,8,0.5058313704141981,走弱,右上加速,65.0
机场,-1.2024261360870685,1.6237279766212953,-0.266,0.8158749373359919,1.8925016993615928,-0.10329187024964437,0.6,0,1064636777.94,5,0.4184121982837392,修复,右上加速,64.8
清洁小家电,1.9195207686161748,2.589169545471649,0.7525,-1.853302208499985,-0.4855305028361845,3.8768855899625754,0.75,0,843323472.0,4,-0.02459868763499884,领涨,左下退潮,64.8
造纸,2.461029300462488,-1.0365508340624146,1.0572727272727271,1.7371906600460285,1.1497691682176514,4.911038042149118,0.6363636363636364,2,3756898701.74,11,0.00818003127329936,走弱,右下降温,64.6
电池,5.964701971784351,-0.3424306103071286,-0.9400000000000001,-0.2986968528399858,3.712997891717551,3.0659521733723105,0.4,0,10537424369.67,10,-0.014364783551790494,走弱,左上修复,64.5
计算机,-0.044609619186171866,-0.46345268408648127,0.7992592592592593,0.5714044112171912,1.3438051582352228,-0.31557720788305543,0.6296296296296297,2,46937533035.81,54,0.17263190261268102,退潮,右上加速,64.3
会展服务,0.03925743297695424,6.650374289751195,-3.72,-7.3493323679999945,2.0361987932551395,0.23193444571489863,0.0,0,165281044.0,1,0.27985540252784813,领涨,左下退潮,63.7
专业连锁Ⅲ,2.00130935054883,0.7355168643648197,1.2133333333333332,3.3861864589185053,1.2570674172792007,4.70612018843104,1.0,0,983143501.29,3,-0.253977179224383,领涨,右下降温,63.6
金属包装,3.7147777324721076,1.2550246035331496,0.054285714285714305,0.37306267074286303,0.8602638688420594,6.171281464052392,0.42857142857142855,0,3136217928.46,7,0.07214135299167679,领涨,左下退潮,63.6
农林牧渔,-0.4397844850965467,-0.10321673143499654,0.9740000000000001,3.272645360696269,1.5110395730932424,0.25517708562630137,0.7142857142857143,1,10144457084.48,35,0.016217596126207212,退潮,右上加速,62.9
镍,4.055042834124027,0.032164788908776686,-1.58,0.4435781887999868,7.0292467697901095,1.030065167956451,0.0,0,6139530431.0,1,0.10046768936432438,领涨,左上修复,62.8
钢结构,-0.27968064411607596,2.4889131089123397,-0.9749999999999999,2.8864578419374842,2.327539634694187,0.1741431902006596,0.25,0,1626121390.02,8,0.2419516791912273,修复,右上加速,62.2
轻工制造,0.23972538552458808,-1.4065492600342584,1.808,2.1744479866880218,2.817781605931624,1.9482070373082028,0.8,2,8790314261.77,30,-0.20579968072097032,走弱,右上加速,62.1
农产品加工,3.7473074272972156,-1.4427800165766385,1.43,2.2426381418749974,1.1484473332362244,5.832925192872174,0.75,0,685225361.5,4,0.1820377731888676,走弱,右下降温,62.1
家用电器,1.1812209456000107,-1.6938816321099723,1.9995833333333335,-0.3057182223591859,1.1430552634462243,2.8190638645717803,0.625,2,14843012962.02,24,0.29646137408907336,走弱,左下退潮,62.0
粮食种植,-0.6478706587736675,2.0648501350953405,-0.24499999999999994,4.181140572437503,0.8061331403432792,1.9478177917541917,0.5,0,819008991.0,2,0.3144589395831874,修复,右上加速,61.9
其他电子Ⅱ,2.033569672360532,-0.8362147618575936,0.7792857142857142,0.11023679933876984,1.236780154334216,2.1049030449453943,0.6428571428571429,0,11043298903.04,14,0.11237845315014883,走弱,左上修复,60.9
农业综合Ⅱ,-0.2958187072536885,1.4794459337858228,0.32,-4.812955062399982,0.6401812876940083,0.31457145691038413,1.0,0,163616763.56,1,-0.026518762579222255,修复,左下退潮,60.9
消费电子零部件及组装,4.580886092988442,-1.4641439729186227,-0.18833333333333335,-0.4902800463956303,1.1432085718579454,4.113943461625347,0.5,1,56036782559.33,36,-0.02898221671419421,走弱,左下退潮,60.8
其他农产品加工,-0.8055936804945466,1.2878921720481316,0.15874999999999995,1.3726891453544665,1.1373999659515688,1.5394208489916572,0.625,0,1226096009.37,8,0.11175979875831099,修复,右上加速,60.4
农化制品,-1.5857521836936967,1.4078125623608357,0.4952,0.18585768526400148,1.7692953551305068,-0.787554196147422,0.4,2,3943346136.56,25,-0.03990175877597224,修复,右上加速,59.8
基础化工,1.3658881922384403,-0.6675703140961713,0.5088461538461538,1.0674511726527225,2.2175548859749483,2.392926793035932,0.5256410256410257,0,38524837829.63,78,0.009836598587002587,走弱,右上加速,59.7
焦炭Ⅱ,-0.2957704510079595,7.533482048811128,-1.0285714285714285,1.6658430832419802,1.8561532422413096,1.9238038427373594,0.14285714285714285,0,1101531839.42,7,-0.049990221433111715,修复,右上加速,59.7
磷肥及磷化工,1.3863425669464673,2.085477809457465,-2.21375,0.17971808171253212,2.484990640986484,1.1638794472925929,0.0,0,6562418068.51,8,-0.04224170062639432,领涨,左上修复,59.5
公交,-1.987430011012914,1.9075261368834022,0.10666666666666662,-0.03640661555552871,0.8535153870764312,-0.6033630569084125,0.5,0,589903495.0,6,0.4006937858026074,修复,右上加速,59.0
照明设备Ⅱ,3.6397269740434894,-0.38913006020432234,-0.20700000000000002,-0.608946544779021,1.2468227258808584,3.286779439198817,0.4,0,1499320275.55,10,0.05932274168743312,走弱,左下退潮,58.9
非银金融,-1.2500489613709382,-0.03740144917981536,0.45404255319148934,2.1514028859201506,0.6714714228268637,-1.345642015329096,0.574468085106383,1,31811020878.57,47,0.43762916399237994,退潮,右上加速,58.9
复合肥,1.3186192743107616,3.045341730593579,-1.5375,-0.36469867005078926,0.3393226878009248,1.941290939390039,0.25,0,2482978663.19,8,-0.005434741143556687,领涨,左下退潮,58.8
楼宇设备,-0.24421290087913347,0.2820511050129827,0.8954545454545454,-0.05093764709992454,1.4860901025020912,0.9460276650019583,0.6363636363636364,0,1322135239.42,11,-0.036523793486897604,修复,左上修复,58.0
玻纤制造,11.828401436223396,-1.0090947365614895,-2.8200000000000003,3.1330394826666774,3.1561360122665416,9.649698030079335,0.0,0,15666334996.4,6,0.19551634397219098,走弱,左下退潮,57.9
环保设备Ⅱ,3.82207300898049,-0.4240303414952565,-1.323846153846154,1.3873327591017448,0.8293400741989698,4.310268741405565,0.23076923076923078,1,7608391224.26,13,0.08510702171998563,走弱,左下退潮,57.8
信托,-0.2877787513345442,1.5357892199870704,-0.5266666666666667,2.3498103448888807,0.5507531418912581,1.0118813901191626,0.3333333333333333,0,1599020267.5,3,1.579841367284538,修复,右下降温,57.6
食用菌,1.8814646420688568,-1.097375312338997,1.8800000000000001,3.9309748063999894,2.6273270170134033,3.025461202109736,0.5,0,263503353.7,2,-0.07648074887094114,走弱,右上加速,57.1
交通运输,-0.7780091736013165,1.0275361095384208,0.17688524590163934,0.9238744494599604,0.6947957318554021,0.41418654822680256,0.45901639344262296,0,13110906167.48,61,0.4629665457447103,修复,右上加速,56.9
游戏Ⅱ,-0.0037031234240110975,0.9474148661931685,-2.0242857142857145,1.3417737242769956,1.6211813913246553,-1.3531189838855706,0.21428571428571427,0,13561284500.37,14,0.34034894649092906,修复,右上加速,56.2
环保,0.6509444354042326,1.0859475991629681,0.16176470588235298,0.8391947072794448,0.2950301930053634,1.3551334994269748,0.47058823529411764,0,5197289580.71,34,-0.027884211278346505,领涨,右下降温,56.0
厨房电器,-2.0077120447976493,2.108859514747604,-0.9175,-0.3811271660593807,1.9078355988206397,-3.0619878463645445,0.25,0,488776007.05,4,0.202151936752617,修复,右上加速,55.6
传媒,-0.9853643982969914,-0.6693837725957232,0.4743636363636364,1.0615782504508786,0.9707610588783666,-0.20438798621551513,0.5454545454545454,1,16333944872.59,55,0.05781218591204462,退潮,右上加速,55.5
仪器仪表,-0.8337328566718982,0.26957942509011495,-0.7144444444444444,-0.2898567436793176,2.4078363391783375,-1.3701237203986194,0.5555555555555556,0,896658990.7,9,-0.23848875012010773,修复,左上修复,55.0
机械设备,2.597308377233265,-2.2207700122393557,0.5908333333333333,-0.4646496693748503,0.8805329604513634,2.9017352284474773,0.625,0,23907762606.550003,24,0.09427214081693425,走弱,左下退潮,54.7
小家电,5.02818809403649,-2.4461864532819484,2.32,0.02550878880003271,1.1243540194257218,8.930985575273521,1.0,0,197585249.5,2,-0.3597766090892316,走弱,左下退潮,54.6
定制家居,-0.6798815450665074,0.8051305847019692,-1.491818181818182,-0.12991769690121613,0.2890637928201434,-0.15382152463760956,0.45454545454545453,0,1498726301.2,11,0.3993301507422453,修复,左下退潮,54.5
饲料,-1.521102571358309,-1.5769906563499674,1.0738461538461537,3.0569100872870125,2.678394191639999,-1.2142341317811112,0.7692307692307693,0,2370553085.31,13,0.12355208636577508,退潮,右上加速,54.2
钛白粉,1.4688441273919175,0.6440423356164483,-1.234,1.2718263985423972,1.553557246994175,4.919116686796832,0.0,0,1465233487.21,5,0.11673568366892462,领涨,右下降温,54.1
有机硅,0.5041828314338378,0.1023443596233431,-0.5216666666666666,0.917583262510191,2.137020375274812,1.2784594622278656,0.16666666666666666,0,874112356.91,6,0.11230727793702844,领涨,右上加速,53.3
油气及炼化工程,-4.0783869189813275,2.665103681839698,-0.06499999999999997,1.3095848137312682,1.101720023757613,-2.715779730093315,0.5,0,827518211.61,4,-0.1738324789531146,修复,右上加速,53.1
纯碱,0.8343343895544623,2.5177591723558392,-1.33,0.33263780883197036,0.4973854449040527,3.8647924602438044,0.2,0,895284569.0,5,-0.26433555707241485,领涨,右下降温,53.1
医疗服务,-2.3042818305079664,1.0725143044925087,-0.3507142857142857,2.2211676948257653,1.224424317501338,-1.560580365884534,0.35714285714285715,0,13048238700.98,14,0.306524975789604,修复,右上加速,52.7
成品家居,0.044508734934656236,0.8212539847968312,-0.9149999999999999,-0.8625407072988089,-0.06578072544093372,-0.48058527432274234,0.4166666666666667,0,1492990316.5,12,0.1506645511798157,领涨,左上修复,52.7
能源及重型设备,-0.9063722393131061,-1.2269298032515752,0.806,1.4461728302819443,-0.046918850757371455,0.03249265496521048,0.55,2,15322952831.59,40,0.20471784596205045,退潮,右上加速,52.1
航运港口,-1.6995853914504124,1.7219593024683704,-0.27249999999999996,1.3493733188749912,0.14262691735860145,0.04617022321997677,0.3125,0,2928660570.23,16,0.5338003847321988,修复,右上加速,51.9
电力,0.03400839454326091,1.6888554180340523,-0.15212765957446808,0.292949985404789,-2.5968423046793587,1.8850223924903986,0.44680851063829785,1,20674823312.26,47,0.009859698343424927,领涨,右下降温,51.9
其他纺织,5.21247766034496,-1.5762772832675,-0.31272727272727274,1.3782013829926498,0.8899989699358901,8.238468144170508,0.2727272727272727,0,2417393410.4,11,0.10699661079239808,走弱,左下退潮,51.8
保险Ⅱ,-1.7369730788810358,0.6386552564800301,-0.17400000000000002,1.9060967230239978,0.7882043290586171,-1.360770554828239,0.4,0,13803198167.0,5,0.661634485394401,修复,右上加速,51.7
油服工程,-4.376908772694066,3.0778343500260488,-0.3971428571428572,0.6394376658183543,-0.27467063404150727,-1.9554194623629284,0.42857142857142855,0,2631364596.31,7,0.16011073448174806,修复,右上加速,51.4
电信运营商,0.3139919756786069,0.9635013112930615,-0.17666666666666667,0.7603949280000188,0.8046973703979665,1.4859543250781648,0.3333333333333333,0,1987688721.0,3,-0.14466592254159127,领涨,右下降温,51.3
社会服务,-2.067299453477119,-0.40298850629462285,1.4742105263157894,0.37743309737097164,0.47046208349708074,-1.1810432035199825,0.6842105263157895,1,2787021680.75,19,-0.09287688489653034,退潮,右上加速,51.3
金融控股,-1.9633708174546645,2.8047205583813763,-0.5900000000000001,-0.04367051456403148,0.07232392793494746,-1.181875701901769,0.2222222222222222,0,3542133249.49,9,0.15443779769182298,修复,右上加速,50.9
数字媒体,-0.16079928348186798,-1.972607300194235,2.76,2.1435941400000047,-0.22903046135202,3.0527480201497204,1.0,0,1989817053.28,2,1.0047660991992022,退潮,右下降温,50.8
铅锌,7.761878835389857,-1.84130230090423,-0.9181818181818183,-0.4705207140150325,2.3547146620062964,10.04128643704063,0.18181818181818182,0,11542185203.85,11,-0.07522102013415566,走弱,左下退潮,50.7
多元金融,0.5085316800837717,-1.97191036485186,0.502,1.6765586328360005,-0.7038213775786728,0.7673075436859467,0.6,1,2808712405.73,10,0.24045950900398538,走弱,右下降温,50.6
电力设备,0.28439487828760823,-1.0364990988875777,0.195,0.5558294858631463,0.28775125238744703,1.0861857577959766,0.5172413793103449,0,53233893328.259995,58,0.10602309395492693,走弱,右下降温,50.4
生物制品,-1.0679268516560647,0.6019707474407928,-0.08,0.7431087635555444,0.7528002506186127,-0.8998436560818335,0.3333333333333333,0,489334925.1,3,0.26507653548328136,修复,右上加速,50.3
制冷空调设备,0.6287875794338538,-1.8222424777817743,0.993,0.6721924027309978,-0.2488563076969319,2.0903896619156814,0.7,1,2877733601.34,10,-0.18607308401282452,走弱,左下退潮,50.2
综合电商,-0.4069287338326159,0.26895621360359295,-0.57,-1.4834965533333522,-0.7872446291461888,-0.8972656919759681,0.6666666666666666,0,478706110.52,3,0.020888302677101844,修复,左下退潮,50.2
其他化学原料,-1.7805867670344238,2.162012550944159,-1.4922222222222221,0.3206538057746844,-0.15682067400299982,-0.1491419947207473,0.4444444444444444,0,2651188722.05,9,-0.13348025497548788,修复,右上加速,50.0
医疗器械,-1.987955534617292,0.5876913177906976,0.8086363636363636,0.5164355755310046,1.2352836718571902,-0.2714664643337916,0.5,0,4209227615.98,22,-0.16008369145522017,修复,右上加速,49.4
产业地产,-0.6442385639761739,1.8789801022906183,-1.0,0.46657375370000587,-1.4435263238646523,0.24579420627148796,0.3333333333333333,0,2465013080.0,9,0.3088266720626782,修复,右下降温,49.2
火力发电,2.9564728813647143,4.492776165072196,-2.399677419354839,-0.5200551602789205,-2.3537084063306013,4.180887975127545,0.03225806451612903,0,21518072702.39,31,-0.09623064184091645,领涨,左下退潮,49.2
快递,2.731264247911591,1.144623024601245,-0.69,-3.117893390475013,-1.2074368618096853,0.5468607674739445,0.25,0,2556281915.69,4,-0.016156242369451124,领涨,左下退潮,49.0
卫浴制品,-1.6865784478239536,1.5384459584015169,-0.26333333333333336,-0.4328941442833245,0.7129513249132025,-1.7816474607208033,0.3333333333333333,0,326429619.95,6,-0.0644623537487965,修复,左上修复,48.9
汽车,-0.9198161034770225,-1.9114674805628464,0.59,-0.18609326819175598,-0.022270805672486294,-1.6261085698556443,0.5252525252525253,4,26659230401.68,99,0.09600650338455186,退潮,左上修复,48.7
冰洗,-0.21628014330176137,0.841990496419752,-0.5642857142857143,1.2360923567857007,0.8530213467191405,0.4289451181270998,0.2857142857142857,0,1479049181.45,7,-0.1838299857759499,修复,右上加速,48.4
银行Ⅱ,0.7106504954122128,1.0174319587250238,-0.41391304347826086,0.4773984231499995,-0.8432269050163588,2.422224910370141,0.2608695652173913,0,16479049042.92,23,0.1776479692882751,领涨,右下降温,48.4
通用设备,-0.4699610274799297,-2.835631025024546,0.9441666666666667,0.5110066148934944,-0.03406795027066645,-0.2651099942062696,0.6527777777777778,1,30476693918.74,72,-0.06749630632879788,退潮,右下降温,46.9
纺织制造,-1.2542474030247923,-1.4156979515237422,0.96875,3.155064727651369,2.2056460945570677,-0.4814491711054525,0.5,0,1243432971.52,8,-0.20849325136907715,退潮,右上加速,46.8
面板,2.6115191030143223,-1.4646148438026032,-1.19,-1.1768140950188855,-0.0708409707766644,3.3262407842900688,0.34782608695652173,0,15814039198.6,23,-0.029925920103695547,走弱,左下退潮,46.2
厨房小家电,1.1007232537672922,1.2391823568090665,-1.6187500000000001,-2.412833644492185,-2.357091916061904,0.16972058285920077,0.375,0,1538464611.32,8,-0.029959854847488754,领涨,左下退潮,45.5
医药生物,-3.1720700249401066,-0.2456441360151298,-0.10484848484848484,0.2955269236463165,-0.03704530659617289,-3.4941455697120594,0.38636363636363635,1,31525756449.29,132,-0.004712123820873493,退潮,右上加速,44.4
玻璃玻纤,-1.1033410246879134,0.8758079193070701,-0.8085714285714286,-2.7456514845772606,-0.29404552780905036,-0.7840991593928037,0.2857142857142857,0,1407981258.43,7,0.01881104869741912,修复,左下退潮,44.4
涤纶,0.2726763882329249,-0.20183556822047988,-0.30222222222222217,-1.2246646951111106,-0.5502298274376982,0.5292035880470669,0.4444444444444444,0,1112021011.1599998,9,-0.2841334324173337,走弱,左下退潮,43.7
专用设备,-0.5430190157786785,-1.6941775867210562,0.3778125,-0.7389167779777939,0.0024823726019196357,-0.603192395444696,0.65625,0,9908766091.699999,32,-0.18738466335826232,退潮,左下退潮,43.5
旅游零售Ⅱ,-2.210520524359283,1.0095616175597042,-0.25,-0.9937983437499853,0.1874753401332585,-1.4927663453300322,0.0,0,2397343381.0,2,0.3672471196338676,修复,左上修复,43.4
风力发电,0.8308083171386883,4.09137037900977,-2.119333333333333,-2.4559203757775427,-5.253717735762287,1.8909308594257768,0.06666666666666667,0,9282664638.11,15,-0.05928626491424238,领涨,左下退潮,43.4
商用载货车,0.6115593694556868,0.44985890575371323,-2.1214285714285714,-1.948809922857142,-1.0892023031908615,-0.3024229553938551,0.14285714285714285,0,4550378513.92,7,0.12580314888610622,领涨,左下退潮,43.2
电动乘用车,-1.2891891757186635,1.8882865623603415,-1.58,-1.8494073624666818,-0.8576910480516786,-1.5476047164652562,0.0,0,8628753958.48,3,0.14674697409608783,修复,左下退潮,43.1
光伏辅材,-1.1522881705811512,1.3982208069943398,-0.33777777777777784,-1.5089980625514365,-2.8244244294152843,1.0605000583538526,0.5555555555555556,0,2637525696.73,9,-0.0877578972337254,修复,左下退潮,42.9
配电设备,-1.4451784896540012,-0.21525339911603783,-0.5773333333333334,-1.0643858351559121,-1.424305148187599,-1.3418755368958424,0.6,0,4642113874.18,15,0.007602913311900661,退潮,左下退潮,42.6
白酒Ⅱ,-1.3936393333025763,2.360229388056481,-0.8942105263157896,-0.09647614946490801,-1.9272067554441552,-0.13975576628590947,0.15789473684210525,0,14340739154.63,19,0.10535992556173723,修复,右下降温,42.3
美容护理,-1.2994251292840375,1.879307537502448,-0.7366666666666667,-2.013324822688878,-0.5084840067413054,-0.6332468358331012,0.16666666666666666,0,546780531.8,6,-0.14598342304401268,修复,左下退潮,42.0
商用车,-0.7987293638898533,1.9145492749563269,-1.544,-2.9116947502272117,-1.6823387065961648,-0.19109038480400464,0.2,0,1446022536.03,5,-0.038771702212004655,修复,左下退潮,41.9
蓄电池及其他电池,6.093669607741988,-4.424342696406339,-2.26,-0.7818048650500065,-0.3324802202884447,-0.1568870811884504,0.3333333333333333,0,5944035809.7699995,6,-0.03535176917628269,走弱,左上修复,41.7
股份制银行Ⅲ,-2.2594518758199658,1.1871543445778412,-1.11,-0.8499489670000138,-1.1816210907132252,-2.1448230219179187,0.2222222222222222,0,12772799893.76,9,0.35121940720488065,修复,左上修复,41.3
印染,1.5082024856359084,-2.2622485340297405,-0.925,0.34517277054688655,0.2069765205870322,-0.16629627264397318,0.25,0,370040558.0,4,-0.051240035249676685,走弱,左上修复,40.1
餐饮,-1.3660394506781952,0.9360788638626536,-2.56,-2.041083889000017,-0.559495323528103,-3.5859073328359248,0.0,0,260601296.62,4,0.12328152025280881,修复,左上修复,39.8
火电设备,0.353758913021666,-0.8334186333183147,-1.4800000000000002,-1.1667536896000086,-0.7597303785406684,-1.8260962441004058,0.3333333333333333,0,488472893.0,3,-0.08137963844607887,走弱,左上修复,39.8
跨境物流,-2.144130301434999,-0.5977284905981212,-0.6,-0.6943893702499926,-1.5553931261131027,-1.9882080059819063,0.5,0,1224266368.62,12,0.20804635383574932,退潮,左下退潮,39.8
聚氨酯,-1.5486366041381796,0.23835833331128878,-1.8259999999999998,-0.7864984238991957,0.5275971038044558,-2.4684191643394526,0.2,0,3010462164.57,5,-0.154451008853153,修复,左上修复,39.7
改性塑料,1.7989422432299025,-1.9675243018626436,-0.744,0.8003013148223825,-0.9703278282272465,1.8389274052289961,0.4,0,1984479563.6299999,5,-0.08578701819672563,走弱,左下退潮,39.4
彩电,3.3120150795278818,-1.13793562462961,-0.17500000000000004,-1.07374793387498,-3.154931714754061,4.620869636951719,0.5,0,2441644662.08,4,-0.34663343497516796,走弱,左下退潮,38.8
消费电子,-0.1678774878166515,-0.13441954889771415,-0.25,-0.6911205596874637,-0.5464526599030406,0.03686105053908317,0.25,0,426564924.23,4,-0.2794446864061674,退潮,左下退潮,38.6
通信,-1.1833784209257143,-3.2128822979326706,0.1706666666666667,1.048455651922997,-0.5465262620878986,-5.141994148245443,0.4666666666666667,1,8700477170.1,15,-0.13106389390874362,退潮,右上加速,38.1
钢铁,-0.9491283873245974,-0.8160787417017955,-0.7983333333333333,-0.5266305314737707,-0.8684478315144073,-1.7043201406320985,0.2777777777777778,0,6229078752.49,18,0.14323528975297406,退潮,左下退潮,37.7
厨卫电器,-4.028594171311617,1.4496376549416983,0.44666666666666677,-1.3466773163555712,-1.008191189339791,-3.113812654437609,0.3333333333333333,0,144526840.66,3,-0.18545292390967316,修复,右下降温,37.6
超市,-3.503416914483474,-1.033414355129912,0.3028571428571429,-0.8858535924921584,-0.03997754322924152,-3.684859779962224,0.5714285714285714,0,1048479996.61,7,-0.32685828087539925,退潮,左上修复,37.3
贸易Ⅱ,-2.6007642778410722,0.6639467878525133,-1.2133333333333336,-0.6133395861718793,-0.823404582659959,-2.057733861368083,0.26666666666666666,0,2672349381.91,15,-0.0073698691013208695,修复,右上加速,37.1
农商行Ⅲ,-0.741746169029156,0.8243708726692717,-0.704,-0.0248277720000023,-2.098763292144712,0.5863096048909,0.2,0,1708823031.75,10,0.017750586836274618,修复,左下退潮,37.1
动物保健Ⅲ,-3.349850138920004,-1.5468392476980608,0.4383333333333333,0.8934285448153112,0.14438858468073246,-2.9783229547176937,0.3333333333333333,0,736215031.46,6,0.2264451378781207,退潮,右上加速,37.0
工业金属,-1.8253545072324944,-3.343735420705133,-0.5055555555555555,-0.9903332702727141,0.48584460850871203,-4.164474150247122,0.25925925925925924,1,15569005666.35,27,-0.01060403276993005,退潮,左上修复,36.9
底盘与发动机系统,-1.5709733727372093,-3.1909021188108877,0.657910447761194,-1.2021460546610574,-2.101689141525509,-2.250902157076662,0.6119402985074627,1,26499670499.79,67,0.05249936934096766,退潮,左下退潮,36.8
国防军工,-0.7729061415960711,-4.648036106493919,1.98,-0.29052799096159765,-2.6326254358792323,0.4792489735630401,0.7959183673469388,1,45250399201.07,49,-0.09429711373496086,退潮,左下退潮,36.5
门户网站,-2.1265654682239363,-1.8769643853572298,-0.3400000000000001,-1.3379314576000167,-1.535343342262041,-3.0815894132329436,0.5,0,836207586.3,4,0.3361217272352848,退潮,左下退潮,36.2
塑料包装,3.445494926619578,-1.42919268797588,-1.562,-1.2607800743767772,-2.058969997213156,5.489822946783929,0.2,0,1123039078.9,5,-0.12947652500883233,走弱,左下退潮,36.2
其他运输设备,-5.2653465190298006,-0.6716679196313112,-0.3,-1.5924797434500038,-0.3981475841864701,-5.2872190746367735,0.6,0,345783638.75,5,-0.30382075217016735,退潮,左上修复,35.9
橡胶助剂,2.0913315798249585,-0.3030315239075844,-1.53,-3.9356260387999886,-3.077232258188556,2.246818117990701,0.0,0,818236805.0,1,0.004214338820140551,走弱,左下退潮,35.7
食品及饲料添加剂,-3.190850740332015,0.354572224906033,-0.8214285714285714,-1.2217611343148693,-1.2509491362760916,-2.781819411789044,0.35714285714285715,0,3196733769.46,14,-0.07471603392258919,修复,左上修复,35.3
诊断服务,-2.4739504526418266,-0.7364249248148278,-0.04500000000000004,-0.9564466643499858,-1.0275148708282056,-1.8322229193537987,0.5,0,174651310.31,2,-0.2068804639094498,退潮,左下退潮,34.8
电网设备,-0.2175843155363344,-3.046484141773513,-0.1835555555555555,-0.5039704433225656,-1.7305065905805161,-0.40716600861444574,0.3111111111111111,2,26339298324.7,45,-0.06974327512242184,退潮,左下退潮,34.7
通信设备,1.2990125975265758,-3.037641604565857,-0.6937037037037037,-0.5648918421372384,-2.2541549146249173,2.340451860004622,0.4444444444444444,0,43403959679.56,27,-0.03478254050672225,走弱,左下退潮,34.6
粮油加工,-5.374346942262638,1.325791931507836,-0.4466666666666666,-1.3240888191851874,-1.851386355679352,-2.5710875706198344,0.3333333333333333,0,574157674.14,6,-0.06861797767327193,修复,右下降温,34.5
普钢,-1.2237077660821865,-0.5711823369761418,-1.7283333333333333,0.3590473584930587,-0.3060275879495533,-1.9632004911317669,0.0,0,689605099.5,6,-0.04850965946896724,退潮,右上加速,34.3
辅料,-1.4667750099956691,-1.017338496837672,-0.7633333333333333,-2.909563094844436,-1.7149455301543215,-1.055670224095262,0.3333333333333333,0,169283793.23000002,3,0.1016686665434885,退潮,左下退潮,34.2
印制电路板,7.35038780580611,-6.063754312487205,-0.9058333333333334,-3.9050546864914826,-2.0653400312611536,4.75084985174814,0.3333333333333333,0,49603906360.05,24,-0.18454646978156874,走弱,左下退潮,34.2
洗护用品,-0.08911206020898825,-0.22599956344632063,-1.355,-1.5646782090187328,-2.117799817019006,0.47551704859536414,0.25,0,330486270.47,4,-0.14117053537376567,退潮,左下退潮,34.1
文化用品,-3.148960630846816,1.131547793148272,-0.6133333333333334,-2.301565719674059,-3.3906488117552924,-2.5571555039600735,0.3333333333333333,0,308841467.13,3,0.06806942021139561,修复,左下退潮,33.9
乘用车,-4.154258923001771,-0.1985421636191053,0.10600000000000005,-0.7072277486383838,-1.7655631153395412,-4.1387369012821695,0.4,0,1869865825.04,5,0.03239367189345632,退潮,右上加速,33.8
印刷包装机械,-0.8613095126859446,-1.591102440702891,-2.7625,-2.947552990117175,-2.958202130523113,-2.873667086078624,0.5,0,1006533411.3,4,0.07284424710935222,退潮,左下退潮,33.8
光伏发电,-0.4392744098502865,1.1580280103727816,-3.0290909090909093,-3.6009763085081636,-7.019514496869661,-1.7841286155134473,0.2727272727272727,0,10081726874.52,11,-0.2265167611944653,修复,左下退潮,33.5
饰品,-3.7657557207183925,-1.8332475094895244,-1.1836363636363636,-0.3732461747792626,-2.01007731461037,-5.948560660766889,0.45454545454545453,0,2660244472.35,11,0.8021588613393373,退潮,右上加速,33.0
个护用品,-1.3209813650523206,-1.0671280349934424,-1.082,0.055966085280800826,-1.6312896775312224,-1.2395554011280785,0.4,0,413916328.33,5,-0.154166520127906,退潮,右下降温,32.9
医疗设备,-3.9110330206853985,-0.5320239957338891,-0.955,0.8951966895219154,-2.0938064863407324,-3.615900562378538,0.5,0,509650916.3,4,-0.05851050839445482,退潮,右上加速,32.6
水泥制造,-2.693809060416689,-0.01254676071821148,-1.52,-1.3735352791077071,-2.1934686831077688,-2.491865102639401,0.2857142857142857,0,2756409173.54,14,0.11344472558404517,退潮,左下退潮,32.6
肉制品,-1.8805162913491547,-2.9325039536965622,0.137142857142857,1.9377297562884532,-0.43460336925761345,-3.63561855077007,0.42857142857142855,0,1498385442.62,7,-0.07102156502225498,退潮,右上加速,31.9
铜,-0.23656785972850924,-4.135271441929915,-0.80625,0.47247352131079,-0.19086638105632048,-0.8757791277775318,0.1875,0,23754217315.81,16,-0.027672556052376063,退潮,左上修复,31.7
横向通用软件,-3.0659530918026454,-1.715176322976068,-0.49375,-2.1235172824492055,-3.0823101112382845,-3.9916235689664403,0.5,0,6368266113.39,8,0.2752115223197835,退潮,左下退潮,30.3
房地产综合服务,-4.261536089152547,1.0675988187862406,-2.83,-2.8282256758,-3.663902934988139,-3.867114410546957,0.0,0,100808261.0,1,0.4216960766306306,修复,左下退潮,30.3
酒店餐饮,-3.456805624789272,-0.13965126421013174,-2.5425,-0.14488347690625458,-2.011139532062023,-4.302016962719312,0.0,0,1141565360.25,4,0.24433497731484377,退潮,右上加速,29.9
摩托车及其他,-1.9896420296393529,-2.218110270295314,0.33,-0.5671298930775559,-0.7513455594734264,-1.649207917179496,0.2857142857142857,0,1618476341.0,7,0.003883433131300018,退潮,左下退潮,29.7
医疗美容,-2.7285212552396616,-0.708596138952597,-0.89,-2.6294201440000275,-0.30092249255703196,-2.33586463165395,0.0,0,28667797.76,1,-0.16341084368590042,退潮,左上修复,29.2
航运,-3.6147515067894047,-0.7110844104353774,-1.0472222222222223,0.5649982770536521,-0.615401287068329,-2.2101513506702197,0.1111111111111111,0,7556205295.04,18,-0.0506635896380917,退潮,右上加速,28.9
基础建设,-5.295651538196755,-2.7601156159444655,-0.8427272727272727,-1.8823553214935118,-3.79969612118235,-8.420724084370146,0.36363636363636365,1,1663446274.1,11,0.6934556073675442,退潮,左上修复,28.2
租赁,0.04608577519371604,-1.6008749752301092,-1.71,-0.05187434751112718,-2.6694727806557794,-1.7900787439499188,0.0,0,1057873739.05,3,-0.002056384867229699,走弱,左下退潮,27.7
其他小金属,-0.11503632706714173,-6.0161509327911515,0.04333333333333337,-2.144586382323155,-3.8003197692734303,1.1386267026649577,0.3333333333333333,1,17087084987.36,12,-0.16083482475623578,退潮,左下退潮,27.6
旅游及景区,-5.892844173241275,-1.316642421168546,-0.6645454545454546,-1.9751844691858644,-1.616868577511943,-8.558609186442423,0.2727272727272727,0,1602120733.33,11,0.10268406799698404,退潮,左上修复,27.1
贵金属,-5.7604433364896295,-5.715412221469986,-0.461111111111111,0.6138559858127612,-1.4167391161106213,-5.15028552471456,0.4444444444444444,0,11401929032.83,9,0.1659837279009826,退潮,右上加速,26.6
板材,-3.2704956211303013,-0.704855816506296,-2.200625,-0.25564069374511833,-2.075565161502013,-4.883338356695877,0.0625,0,7445510468.23,16,0.011218560512814113,退潮,右上加速,26.4
光学光电子,-0.6855623092461608,-3.6564780853511976,-0.0890909090909091,-1.9986762573499628,-2.284954504802017,-0.6296374955494177,0.4090909090909091,0,10721975900.82,22,-0.25963188665036196,退潮,左下退潮,25.9
综合电力设备商,-1.5786832043941823,-3.64415612595479,-0.30999999999999994,-1.4179476816999714,-5.535503372975392,-3.9027021498007186,0.5,0,4646200724.0,2,0.04172271549780704,退潮,左下退潮,25.7
人力资源服务,-2.319861113962118,-0.696532006114477,-0.465,0.844588962449988,-2.0757069656684446,-2.2302944171140093,0.0,0,106197950.0,2,-0.08526972314012482,退潮,右下降温,24.8
血液制品,-4.995903410943629,-1.240471054313267,-0.765,-0.7055396284375126,-2.9974394685648886,-6.2206270634268535,0.25,0,415466440.37,4,0.13160740567040996,退潮,右上加速,23.7
地面兵装Ⅱ,-3.1077284274952155,-5.6047061204781095,-0.1585714285714285,-1.9268013535755024,-4.244469505720671,-3.3842973726730174,0.7142857142857143,0,2500806727.67,7,-0.2556633743503187,退潮,左下退潮,23.2
输变电设备,-2.641930581108402,-2.08380468657043,-0.7311764705882353,1.140964018650914,-3.0309332905790853,-4.018996935515274,0.23529411764705882,1,11893470293.54,17,-0.25387879101342326,退潮,右下降温,22.9
其他专业工程,-3.657979156696811,-2.561210520797833,-0.7013333333333333,-1.1628086655996128,-1.750914729228592,-6.125833993644947,0.2,0,8125566556.1,15,0.01972776987178193,退潮,左上修复,22.3
医药流通,-5.231852188504682,-2.1348651797356957,-0.2717647058823529,-0.1980635700595479,-1.6609420818703868,-6.125285537649761,0.35294117647058826,0,2241857495.88,17,-0.2926045243684313,退潮,右上加速,22.2
教育出版,-4.7666229593561775,-1.348705941639387,-0.46875,1.0285560419433626,-2.433690458328641,-3.6016600689334766,0.25,0,715579064.0,8,-0.048260887876732994,退潮,右上加速,22.1
大宗用纸,-2.458365217097643,-1.64598085492707,-0.6863636363636364,0.3531781647392762,-2.9321224772538623,-1.852172763269666,0.2727272727272727,0,1336922744.1100001,11,-0.15668328424200872,退潮,右下降温,22.0
白银,-5.2277456924367876,-6.690410248733923,-1.2366666666666668,-0.3776640155111255,-1.3171923039472455,-6.904426830941601,0.3333333333333333,0,4847464914.89,3,-0.03350753704118803,退潮,右上加速,21.8
民爆制品,-4.444780121083358,-3.38736170884321,-0.4330769230769231,-1.330339606667752,-3.150779731038289,-5.271478303132704,0.38461538461538464,0,4721407650.5199995,13,0.07178053979239696,退潮,左下退潮,20.7
基建市政工程,-2.3598747735647336,-2.3218889834069314,-0.7645833333333334,0.06449979464584477,-2.9410950235288946,-1.898248686824966,0.20833333333333334,0,8028429889.87,24,-0.03699394097093911,退潮,右下降温,20.0
通信线缆及配套,1.1815218559036222,-7.597871593784873,-3.50875,-7.4452297255204964,-7.54664476395337,0.35439554977259036,0.0,0,34258115898.969997,8,-0.17680803168528725,走弱,左下退潮,19.6
IT服务Ⅱ,-3.9534086323567994,-2.2782549522000686,-0.5965957446808511,-2.385109934228058,-3.352847118975344,-6.061461477603746,0.3404255319148936,0,22795177349.2,47,-0.14330736543982792,退潮,左下退潮,19.4
其他医疗服务,-5.040936505584107,-1.0062911733135749,-1.8233333333333335,-3.102159030933338,-2.1350217878853495,-4.699908787091633,0.0,0,406637996.9,3,-0.35177486816890824,退潮,左下退潮,18.7
其他养殖,-15.318066012329425,-8.786210034506592,0.47,-9.062177905374991,-13.658500991440448,-18.54704066708347,1.0,0,70451430.2,1,-0.34142650653400797,退潮,左下退潮,18.7
钼,-3.4347062292412023,-18.843428203611207,-0.955,1.6081340516000076,-0.5651148258270067,-2.0020762414950988,0.0,0,945345043.73,2,-0.28519066691519956,退潮,左上修复,17.4
光伏主材,-4.39731214514234,-3.8980998555710507,-0.5266666666666667,-5.045207354511094,-7.622953972905499,-6.655711093468564,0.3333333333333333,0,3490547323.0,3,-0.026702397472254003,退潮,左下退潮,16.2
专业工程,-6.005513601866622,-7.165469070511354,-0.20777777777777773,-1.3922836122935656,-5.466489445195788,-8.29167779524209,0.4444444444444444,0,2468502690.63,9,-0.2604438249224086,退潮,左下退潮,14.6
其他生物制品,-5.435565651837741,-2.7558153248137356,-1.9899999999999998,-2.106080659090004,-3.6341253186648492,-8.278562422398661,0.1,0,2441291240.05,10,-0.2526334020957667,退潮,左上修复,12.2
涂料,-7.1411514185963405,-1.6722017952444015,-0.88,-5.759640677800004,-4.279021910856584,-11.09130835109523,0.0,0,196750835.0,1,-0.3614435609252773,退潮,左上修复,11.9
文字媒体,-2.799836681001141,-4.527431439423465,-1.3,-4.384311831999998,-6.769569473745374,-2.869101910798766,0.0,0,357001055.0,1,-0.2818265398969424,退潮,左下退潮,10.6
自然景区,-4.820424916428493,-3.3570560692308455,-1.49,-2.8567037556644803,-4.865961471560598,-8.622759013970438,0.0,0,1601940860.4,11,-0.34381562192185144,退潮,左下退潮,9.6
宠物食品,-13.460990059949474,-17.351046993231787,-3.72,-6.525680075200002,-20.87828426340055,-19.883457475702272,0.0,0,414750803.97,1,-0.28277187832224204,退潮,左下退潮,5.7
